hash,language,course,text
00154229,de,german-bangla,"Warum lernst du Deutsch?"
001f040a,de,german-bangla,"Er hat Fieber."
0098b953,es,spanish-bangla,"jueves"
00a79fa8,es,spanish-bangla,"veinte"
00b53df8,de,german-bangla,"das Regal"
00ebee90,de,german-bangla,"Er geht einmal im Monat schwimmen."
01345ac2,de,german-bangla,"die Bewerbung"
01650139,de,german-bangla,"staubsaugen"
01ad1025,de,german-bangla,"ankommen"
026e1654,de,german-bangla,"Obwohl es kalt ist, gehen wir wandern."
027116d4,es,spanish-bangla,"Hasta luego"
02d46cfe,de,german-bangla,"die U-Bahn"
02e7665e,de,german-bangla,"Es ist gegenüber der Bank."
031a2f14,de,german-bangla,"fünfzig"
039487a4,es,spanish-bangla,"De nada"
03adc886,de,german-bangla,"Ich trage Größe M."
03b42d3d,de,german-bangla,"Ich fahre mit der U-Bahn."
03ff14b7,de,german-bangla,"Montag"
0412a9b7,de,german-bangla,"Welchen Film möchtest du sehen?"
041621bb,de,german-bangla,"abwaschen"
041f52e2,de,german-bangla,"Ich würde gern das Schnitzel probieren."
04532430,de,german-bangla,"Die Tracht wird bei besonderen Anlässen getragen."
04cdf7af,de,german-bangla,"Der rote Rock ist so schön wie der blaue."
04f24fe3,de,german-bangla,"die Stra\xdfenbahn"
05033d87,es,spanish-english,"luna"
05095129,de,german-bangla,"Ich bin müde."
0573fe41,es,spanish-bangla,"Me llamo Rahim. Soy de Bangladés."
057a53be,de,german-bangla,"Der Zug f\xe4hrt um zehn Uhr ab."
0614ba72,es,spanish-bangla,"trece"
06233fea,de,german-bangla,"wohnen"
0693838c,de,german-bangla,"Die Kinder spielen."
0698db76,de,german-bangla,"Mit meinen Augen kann ich sehen."
06bde776,es,spanish-bangla,"Los estudiantes son inteligentes y trabajadores."
06e89fac,de,german-bangla,"die Bücher"
06f8a794,de,german-bangla,"Im Wohnzimmer gibt es ein Sofa."
07462138,es,spanish-bangla,"Carmen está en casa."
079dc48c,de,german-english,"ö"
07b2884c,de,german-bangla,"schmerzen"
07d2bcdd,de,german-bangla,"Wann"
07e487ef,es,spanish-bangla,"Estados Unidos, estadounidense"
0822e6e2,de,german-bangla,"das Laufen"
093a4a1d,es,spanish-english,"niño"
09609510,de,german-bangla,"die Jugendherberge"
09e35ff1,de,german-bangla,"eins, zwei, drei"
09f7987f,de,german-bangla,"Ich suche eine Zweizimmerwohnung."
0a076620,de,german-bangla,"bügeln"
0a084f2c,de,german-bangla,"die Halsschmerzen"
0a0db93e,de,german-bangla,"Ich spiele gern Tennis."
0a382a22,de,german-bangla,"Ich würde gern das Schnitzel bestellen."
0a393584,de,german-bangla,"Ich würde gern ein Glas Wasser haben."
0a59f42f,es,spanish-english,"taza"
0b0356a1,de,german-bangla,"Es ist bewölkt"
0b0c0e70,de,german-bangla,"Wenn ich Zeit habe, komme ich."
0b9f247a,de,german-bangla,"Haben Sie ein Zimmer mit Frühstück?"
0bfa9027,de,german-bangla,"Der Döner kommt aus Berlin."
0c339ebd,de,german-bangla,"Kann ich es umtauschen?"
0c943585,de,german-bangla,"der Lebenslauf"
0d00078f,es,spanish-bangla,"bajo, baja"
0d06ef73,es,spanish-bangla,"inteligente"
0d38dd19,de,german-bangla,"Viele Deutsche haben einen Schrebergarten."
0d4629b8,de,german-bangla,"Ich habe Kopfschmerzen"
0da3096c,es,spanish-bangla,"Estoy cansado"
0db0ab9f,de,german-bangla,"Ich habe mich beim Sport verletzt."
0dde7f58,de,german-bangla,"Wie viel"
0e0c6627,de,german-bangla,"Wir essen oft Brot."
0e3ed551,de,german-bangla,"Ich verkleide mich als Pirat."
0ed0d71c,es,spanish-english,"queso"
0f093b8e,de,german-bangla,"Er besucht uns."
0f6626ac,es,spanish-bangla,"Rahim está enfermo."
0f941cf5,de,german-bangla,"Die Blume ist schön."
0f986d23,de,german-bangla,"der Bauch"
0fd47698,de,german-bangla,"zurückgeben"
0fd9bc91,es,spanish-english,"web"
0fe07306,de,german-english,"Name"
10286c54,es,spanish-bangla,"en España"
103e1564,de,german-bangla,"mischen"
1067a09a,es,spanish-bangla,"dieciséis"
109fd4cb,es,spanish-bangla,"Vosotros sois estudiantes."
10aa4f20,de,german-bangla,"das Zelt"
11015c73,de,german-bangla,"Es schneit"
11031e12,es,spanish-english,"día"
111c20aa,es,spanish-bangla,"Perdón, tengo una pregunta. Sí, dime. ¿Cómo se dice ""pizarra"" en bengalí? No sé. ¿Y tú? ¿Cómo se dice en español ""window""? Se dice ""ventana"". ¡Muy bien! Gracias."
111cb94f,de,german-bangla,"Juli"
116a7246,es,spanish-bangla,"Hoy es lunes"
116de3d3,de,german-bangla,"frühstücken"
11758a9f,de,german-bangla,"Das Flugzeug fliegt nach Berlin."
119dd44a,de,german-english,"ü"
12023e65,es,spanish-bangla,"¿Eres estadounidense?"
12691597,es,spanish-english,"padre"
12eaffd3,es,spanish-bangla,"el libro, los libros"
1321150c,de,german-bangla,"vegetarisch"
132b05cf,de,german-bangla,"die Kaltmiete"
13487219,es,spanish-bangla,"tímido, tímida"
135f4095,de,german-bangla,"Das war eine schöne Feier."
137ddc01,de,german-bangla,"die WG"
138bca1a,de,german-bangla,"Es regnet"
13a6c80a,de,german-bangla,"das Fenster"
13baf67c,de,german-bangla,"Ich bin in der Küche."
13d1cb66,de,german-bangla,"das Gehalt"
13dd8193,es,spanish-bangla,"la mochila"
13e0de3f,es,spanish-bangla,"divertido, divertida"
1432d5d1,de,german-bangla,"ö wie in schön"
14886626,es,spanish-bangla,"equis"
148f61dc,de,german-bangla,"die Kasse"
14a2a64d,de,german-bangla,"Das ist nicht interessant."
15478c0c,de,german-bangla,"Ich hoffe, meinen Traum zu verwirklichen."
15b3c9a4,de,german-bangla,"Gehen Sie geradeaus."
1603b8b9,es,spanish-english,"rojo"
161c2fc8,de,german-bangla,"die Versicherung"
165aa8d1,es,spanish-bangla,"la madre"
16a40717,de,german-bangla,"nie"
16e6cfe9,de,german-bangla,"die Marke"
173e576b,de,german-bangla,"das Mittagessen"
17781946,de,german-bangla,"Ich arbeite hart, weil ich erfolgreich sein möchte."
179d3f24,de,german-bangla,"Guten Tag! Wie geht es dir?"
17a5a85a,de,german-bangla,"musste"
17aad894,es,spanish-english,"bueno"
17c773aa,de,german-bangla,"das Einzelzimmer"
17cd5956,de,german-bangla,"manchmal"
17e2c385,de,german-bangla,"war"
1825656d,de,german-bangla,"Das kostet zehn Euro."
18835533,de,german-bangla,"Wie kommst du zur Arbeit?"
18af660e,de,german-bangla,"Kannst du mir helfen?"
19142aa6,de,german-bangla,"Ich brauche ein neues Bett."
194d4c4f,de,german-bangla,"Hast du am Samstag Zeit?"
1955562e,de,german-bangla,"Wer ist das?"
1963b7f6,de,german-bangla,"das Wechselgeld"
199de0e2,de,german-english,"ä"
19b32d37,de,german-bangla,"das Wochenende"
19cd7569,de,german-bangla,"Es passt leider nicht."
1a625fc0,de,german-bangla,"Würdest du gern mit mir essen gehen?"
1b48bcc7,de,german-bangla,"Ich schlafe um elf Uhr ein."
1ba623de,de,german-bangla,"der Maibaum"
1bab8914,es,spanish-bangla,"el padre"
1bf5e2dc,de,german-bangla,"Gut, besser, am besten."
1c136e8d,de,german-bangla,"das Erntedankfest"
1c252a7d,de,german-bangla,"Wo ist die Kasse, bitte?"
1c2a7be8,es,spanish-bangla,"la mesa"
1c60f484,es,spanish-english,"gato"
1c620a35,de,german-bangla,"Ich bewerbe mich um die Stelle."
1c6d2f29,de,german-bangla,"der Mantel"
1c7480b6,es,spanish-bangla,"los exámenes"
1d4e4f01,de,german-bangla,"Es gibt gesetzliche und private Versicherung."
1d6e42f5,de,german-bangla,"Ich konnte nicht schwimmen."
1dc32e38,de,german-bangla,"Straße"
1e1b1734,es,spanish-english,"piso"
1e3f6b4d,de,german-bangla,"die Schule"
1e61fca9,de,german-bangla,"Das ist meine Schwester."
1e630770,de,german-bangla,"Kopfschmerzen"
1e6944bb,de,german-bangla,"schöner als"
1e8953ec,es,spanish-bangla,"quince"
1ed5c305,de,german-bangla,"Wir lernen seit der Kindheit Deutsch."
1f15ee2e,de,german-bangla,"die Erkältung"
1f24eb84,de,german-bangla,"der Marktplatz"
1f5ff91e,de,german-bangla,"Ich trage ein blaues Hemd."
1f8192bf,de,german-bangla,"Ich will nach Berlin reisen."
1fe132ed,de,german-bangla,"lila"
202e78cd,de,german-bangla,"treffen"
2084d254,de,german-bangla,"Ich lade dich zu meiner Party ein."
20e4569d,de,german-bangla,"Wir gehen zum Konzert."
216ba58a,de,german-bangla,"der Fußball"
2187f755,de,german-bangla,"hundert"
2195959c,de,german-bangla,"Wie heißt du?"
21dd7181,de,german-bangla,"das Gramm"
22246667,de,german-bangla,"Es schneit."
226d4a7c,de,german-bangla,"leider"
227037c2,de,german-bangla,"Dienstag"
227b7ec7,es,spanish-bangla,"siete"
227f803f,de,german-bangla,"die Torte"
22ba01da,es,spanish-bangla,"también"
230589e3,de,german-bangla,"das Ei"
2311cfba,de,german-bangla,"Ich habe viele Fotos gemacht."
231db208,de,german-bangla,"weh tun"
232d01d2,de,german-bangla,"Tschüss"
239b9952,de,german-bangla,"der Anschluss"
23b8daf9,de,german-bangla,"der Abflug"
23ba6759,de,german-bangla,"der Weihnachtsmarkt"
23e628b5,de,german-bangla,"Ich rufe meine Mutter an."
24b482f7,es,spanish-bangla,"Soy de Bangladés."
24c923dc,de,german-bangla,"Mein Geburtstag ist am dritten M\xe4rz."
24e4525d,de,german-bangla,"sich verletzen"
251b62cc,es,spanish-bangla,"¿Quién eres tú?"
25404aa7,es,spanish-bangla,"eñe"
25726255,de,german-bangla,"die Ausbildung"
259b99f0,es,spanish-bangla,"ahora"
25a5f81f,de,german-bangla,"festlich"
25a9685b,de,german-bangla,"das Obst"
25bc5677,de,german-bangla,"Ich habe Bauchschmerzen"
25d5de0c,de,german-bangla,"Würden Sie mir bitte helfen?"
262f2497,de,german-bangla,"Wir gehen am Samstag zum Konzert."
2635c07e,de,german-bangla,"wichtig"
26b73d3c,de,german-bangla,"Weihnachten ist am 25. Dezember."
27233799,de,german-bangla,"Was möchten Sie trinken?"
2771c70b,de,german-bangla,"Als ich jung war, hatten wir kein Auto."
279557a8,de,german-bangla,"Im Januar ist es kalt."
27e9d5dc,de,german-bangla,"das Sandwich"
27f28a04,de,german-bangla,"das Schwimmen"
285b6ace,de,german-bangla,"Der ICE ist sehr schnell."
28778b69,de,german-bangla,"Das ist nicht gut."
288da5cb,de,german-bangla,"Wie hoch ist die Miete?"
289a5d44,de,german-bangla,"fröhlich"
28ad810a,de,german-bangla,"Ich kaufe einen Stuhl."
290c6b27,de,german-bangla,"Mein Chef ist sehr nett."
292ca53e,es,spanish-bangla,"Argentina, argentino, argentina"
29401628,es,spanish-bangla,"trabajador, trabajadora"
2952255e,de,german-bangla,"das Sofa"
29604555,es,spanish-bangla,"el marido y la esposa"
29decfa1,es,spanish-bangla,"Nosotros somos amigos."
29f3f25d,de,german-bangla,"das Ziel"
2a43ac7d,de,german-bangla,"pünktlich"
2a7bbaaa,de,german-bangla,"Bis bald"
2a7bc3d1,de,german-bangla,"Am Sonntag sind die Geschäfte geschlossen."
2a7c1136,de,german-bangla,"nachhaltige Mode"
2adf23ce,de,german-bangla,"das Silvester"
2ae6e3d8,de,german-bangla,"Wir sind Freunde."
2b318204,de,german-bangla,"der Schrank"
2b4e062d,de,german-bangla,"die Flasche"
2b7d0782,de,german-bangla,"Der Tag der Deutschen Einheit ist im Oktober."
2b811f55,de,german-bangla,"aufmachen"
2b9ab42a,de,german-bangla,"zusagen"
2badd674,de,german-bangla,"Ich steige in den Zug ein."
2bc7d97f,de,german-bangla,"das Training"
2c307c25,de,german-bangla,"die Verkäuferin"
2c7962da,de,german-bangla,"erreichen"
2c81fd7c,es,spanish-bangla,"Soy alta y trabajadora."
2cbc43c1,de,german-bangla,"das Volleyball"
2cdd872c,de,german-bangla,"Ich gebe Ihnen ein Rezept."
2cec2bd6,de,german-bangla,"Ich sage gern zu."
2d112bd1,es,spanish-bangla,"un poco"
2daa0c90,de,german-bangla,"Er wäscht das Geschirr ab."
2dac45c4,de,german-bangla,"Ich habe gestern gekocht."
2db59bcb,de,german-bangla,"reisen"
2de5186e,de,german-bangla,"Wir werden eine neue Wohnung suchen."
2ded7531,de,german-bangla,"Meine Kollegen sind sehr nett."
2e1272d4,de,german-bangla,"Er schwimmt jeden Morgen."
2e2784fd,de,german-bangla,"das Büro"
2e8cf62d,es,spanish-bangla,"los profesores"
2e97c007,de,german-bangla,"Das Auto ist rot."
2eb572be,de,german-bangla,"der Bus"
2ee70c77,es,spanish-bangla,"el hijo, la hija"
2f094205,de,german-bangla,"Sonntag"
2f3658ab,de,german-bangla,"fernsehen"
2fb81621,de,german-bangla,"privat"
2fd153a8,de,german-bangla,"wollte"
303f678a,de,german-bangla,"der Tee"
307e2b45,de,german-bangla,"Wie oft machst du Sport?"
309084b7,de,german-bangla,"Fußball spielen"
30a97377,de,german-bangla,"lecker"
30b996c1,de,german-bangla,"Wann beginnt der Kurs?"
3108877b,de,german-bangla,"Ich bin Arzt."
31127d53,de,german-bangla,"Jeder muss eine Krankenversicherung haben."
313064b1,de,german-bangla,"vorschlagen"
31ca5218,de,german-bangla,"der Schnitzel"
31d7a887,es,spanish-english,"favor"
31e41fde,de,german-bangla,"Wie viele Feiertage gibt es in Deutschland?"
32899d4b,de,german-bangla,"Häuser"
328c714e,de,german-bangla,"Das Mädchen liest."
32d65228,de,german-bangla,"das Ohr"
32d9f936,es,spanish-bangla,"en Bangladés"
32eb4490,es,spanish-bangla,"doce"
32f29db7,es,spanish-bangla,"Hola"
32f78401,de,german-bangla,"der Kollege"
3330683d,es,spanish-bangla,"Ellos son médicos."
3339ce9c,es,spanish-bangla,"los hijos"
334bb4d6,es,spanish-bangla,"ocho"
33726c22,de,german-bangla,"Mein Name ist Müller."
33a7441d,de,german-bangla,"Eine Flasche Milch, bitte."
33b27a10,de,german-bangla,"Wie ist das Wetter?"
33be15b3,de,german-bangla,"dreißig"
33c25b76,de,german-bangla,"die Suppe"
33dc6205,de,german-bangla,"die Post"
3494a010,de,german-bangla,"zum Bahnhof gehen"
34eb72e2,de,german-bangla,"Wie oft sollte ich das einnehmen?"
34ebaac4,de,german-bangla,"die Hoffnung"
35778c3e,de,german-bangla,"die Kerze"
357a45c0,de,german-bangla,"Ich fotografiere gern."
35b9cb20,de,german-bangla,"das Schlafzimmer"
35e61513,de,german-bangla,"der Spiegel"
36006c39,de,german-bangla,"besser"
3667f9f4,de,german-bangla,"Ich fahre durch den Park."
36b13ac5,de,german-bangla,"Schneide die Kartoffeln!"
36fb7114,de,german-bangla,"nachhaltig"
37a4c7d3,de,german-bangla,"seine Schwester"
3817cba6,de,german-bangla,"Das ist f\xfcr dich."
382ba080,de,german-english,"be"
382ba080,es,spanish-bangla,"be"
38b8afab,de,german-bangla,"Ich möchte einen Termin machen."
38cfc96a,de,german-bangla,"Auf Wiedersehen"
391a58f2,de,german-english,"ef"
39282ecf,de,german-bangla,"Wir kaufen eine Bahncard, um Geld zu sparen."
39a41f05,de,german-bangla,"Ich bin... Jahre alt"
39c649b3,de,german-bangla,"der Keller"
39dbbe61,es,spanish-bangla,"la puerta"
3a1a14a5,de,german-bangla,"hatte"
3a5eaaf8,de,german-bangla,"Haben Sie den Kassenbon?"
3a6a2144,de,german-bangla,"der Mund"
3ab69e3f,de,german-bangla,"die Speisekarte"
3ae304eb,de,german-bangla,"sich erholen"
3ae9c904,de,german-bangla,"sich entspannen"
3b17f711,de,german-bangla,"das Fahrrad"
3b6a7beb,es,spanish-bangla,"erre"
3b7b9f57,de,german-bangla,"der ICE"
3b89c3ae,de,german-bangla,"der Mann"
3bbd8d0c,de,german-bangla,"Es sind f\xfcnf Minuten zu Fu\xdf."
3c206dd9,de,german-english,"ge"
3c206dd9,es,spanish-bangla,"ge"
3c434c6c,de,german-bangla,"absagen"
3c453eb2,de,german-english,"te"
3c453eb2,es,spanish-bangla,"te"
3c67ea22,de,german-bangla,"das Gepäck"
3c77ba97,es,spanish-bangla,"¿Cómo se dice?"
3ce324d6,es,spanish-bangla,"Se llama Pedro"
3d2de623,de,german-bangla,"das Angebot"
3d6304e1,de,german-bangla,"Mein Zimmer ist klein."
3d8c3dbd,de,german-bangla,"Woher kommst du?"
3da441ce,es,spanish-bangla,"Tengo una pregunta"
3db4f01f,es,spanish-bangla,"camarero, camarera"
3dde6b08,de,german-bangla,"Ich mag Kaffee."
3ddfdd38,es,spanish-bangla,"los abuelos"
3e1cb24c,es,spanish-bangla,"Soy inteligente."
3e3578d6,de,german-bangla,"Januar"
3eb88e89,de,german-bangla,"Mädchen"
3ef40a7d,de,german-bangla,"Ich denke, dass Schnitzel lecker ist."
3efeb555,es,spanish-bangla,"¿Estás listo para el examen, Diego? Sí, estoy listo. Pero estoy nervioso. ¡Eres muy inteligente! No es un problema. Gracias. ¿Dónde está el profesor? Está en la oficina. Es muy simpático. Sí, es un profesor muy bueno."
3f139f15,de,german-bangla,"Sie macht jeden Tag Yoga."
3f1a6264,de,german-english,"el"
3f3002ff,es,spanish-bangla,"ingeniero, ingeniera"
3f40d796,de,german-bangla,"feiern"
3f5cddcc,de,german-bangla,"Sie hat ein Buch gelesen."
3fb9790a,de,german-bangla,"die Mütze"
3fc04e14,de,german-bangla,"sich fühlen"
401a63f7,de,german-english,"em"
4049a794,de,german-bangla,"Das Auto ist rot und groß."
407a1549,de,german-bangla,"Du solltest dich ausruhen."
40dc8916,de,german-bangla,"ich würde gern"
40f6a5f4,de,german-bangla,"Mein Lieblingsraum ist das Wohnzimmer."
411a658a,de,german-english,"en"
411c5bd5,de,german-bangla,"tanzen"
411fb75e,de,german-bangla,"das Kostüm"
41f233ce,de,german-bangla,"die Banane"
42684b94,de,german-bangla,"ü wie in über"
42948076,de,german-bangla,"Ich hätte gern einen Kaffee, bitte."
429ac5a3,de,german-bangla,"die Tomate"
42ba1c06,de,german-bangla,"regelmäßig"
42f00c13,es,spanish-bangla,"el fin de semana"
4325780a,es,spanish-bangla,"¡Hola, Pedro! ¿Qué tal? Bien, gracias. Ana, ¿eres profesora? Sí, soy profesora. ¿Y tú? ¿Eres estudiante? No, no soy estudiante. Soy médico. ¡Qué bien! Hasta luego. Hasta luego."
43cc24a0,es,spanish-bangla,"India, indio, india"
43d5bc17,de,german-bangla,"das Badezimmer"
43d8fdfa,de,german-bangla,"die Ostern"
445a7434,de,german-bangla,"Mein Traum ist es, Arzt zu werden."
44e8ff87,es,spanish-bangla,"Estamos nerviosos."
45008433,de,german-bangla,"groß"
450e1f0e,de,german-bangla,"rot"
451a6bd6,de,german-english,"er"
452d0e8a,de,german-bangla,"mittel"
45b0d8fe,es,spanish-bangla,"cero"
45b473eb,de,german-bangla,"orange"
461a6d69,de,german-english,"es"
461a6d69,es,spanish-english,"es"
467c5ae1,de,german-bangla,"verlieren"
46802c7e,de,german-bangla,"der Film"
46d06558,de,german-bangla,"Wir haben viele Sehenswürdigkeiten besichtigt."
46e05f18,de,german-bangla,"die Verspätung"
47015b16,es,spanish-bangla,"Carmen, ¿qué hay en tu mochila? Hay un libro, un cuaderno y un bolígrafo. ¿Y tú? Yo tengo un libro también. Es un libro de español. ¡Qué bien! ¿Es interesante el libro? Sí, el libro es muy interesante."
47259ceb,de,german-bangla,"das Auge"
479fdc60,es,spanish-bangla,"una mochila"
47a791d3,es,spanish-bangla,"cuatro"
47ad702c,es,spanish-bangla,"hache"
47ce0ecf,de,german-bangla,"bequemer"
480a2b84,de,german-bangla,"die Wurst"
481ba369,de,german-bangla,"der Rock"
483d02d1,de,german-english,"ka"
483d02d1,es,spanish-bangla,"ka"
484752ca,de,german-bangla,"der Horrorfilm"
489b1d85,de,german-bangla,"Freitag"
48b4b6ca,es,spanish-bangla,"el marido, la esposa"
48c23014,de,german-bangla,"konnte"
48c9708d,de,german-bangla,"Qualität ist wichtig."
48dae55f,de,german-bangla,"Man muss zuerst zum Hausarzt gehen."
48f06534,es,spanish-bangla,"profesor, profesora"
4930b2a6,de,german-bangla,"die Zukunft"
49bcdf5c,de,german-bangla,"die Lampe"
4a47f32e,de,german-bangla,"das Basketball"
4a539996,de,german-bangla,"waschen"
4a6f55ba,de,german-bangla,"Ich würde gern bestellen."
4a6ff432,de,german-bangla,"Das Oktoberfest findet in München statt."
4a734c3c,de,german-bangla,"schwimmen"
4a830fc0,de,german-bangla,"die Nachspeise"
4a95598a,de,german-bangla,"Die Jacke ist zu groß."
4aae2c9a,es,spanish-english,"vaso"
4ab2b172,es,spanish-bangla,"Carmen está en la oficina."
4aca0a0c,de,german-bangla,"anprobieren"
4b261e5a,de,german-bangla,"der Saft"
4b4d78dc,de,german-bangla,"Ich denke, dass deutsches Brot sehr gut ist."
4b9a00d5,es,spanish-bangla,"uve"
4bccc7cc,de,german-bangla,"das Medikament"
4bd4c8fb,de,german-bangla,"Ich bezahle mit Karte."
4be06f42,de,german-bangla,"Herzlichen Glückwunsch zum Geburtstag!"
4c298165,es,spanish-bangla,"cu"
4c4e523e,de,german-english,"pe"
4c4e523e,es,spanish-bangla,"pe"
4c87149b,de,german-bangla,"Was kostet das?"
4cb6e141,de,german-bangla,"die Volksmusik"
4d403535,es,spanish-bangla,"la silla"
4d410073,de,german-bangla,"Der Spiegel hängt an der Wand."
4d41071d,de,german-bangla,"die Nebenkosten"
4e082808,de,german-bangla,"der Park"
4e1f856c,es,spanish-bangla,"Más despacio, por favor"
4e245394,de,german-bangla,"Ich esse einen Apfel."
4e332f31,es,spanish-bangla,"diez"
4e4ef2b1,de,german-bangla,"der Weihnachtsbaum"
4f205f42,de,german-bangla,"rechts"
4fcca8a2,de,german-bangla,"selten"
4fdabb2b,de,german-bangla,"Wann und wo treffen wir uns?"
4fe938fb,de,german-bangla,"Samstag"
4ffed168,de,german-bangla,"anrufen"
509dd31e,de,german-bangla,"Ich spiele seit einem Jahr Tennis."
50d1991d,de,german-bangla,"Was würdest du gern werden?"
51304128,de,german-bangla,"das Frühstück"
514d384f,de,german-bangla,"richtig zwanzig"
5183c8a7,de,german-bangla,"Ich spiele gern Fußball und Tennis."
51b4e76e,es,spanish-bangla,"No entiendo."
51d10b95,de,german-bangla,"die Krankenschwester"
51d4a16f,es,spanish-english,"uno"
51da3768,de,german-bangla,"das Kilo"
51deb496,de,german-bangla,"das Kino"
521664ca,de,german-bangla,"fünf"
52317101,es,spanish-bangla,"Reino Unido, británico, británica"
52782d86,de,german-bangla,"Ich will nach Hause gehen."
52bb03c1,de,german-bangla,"die Brezel"
52f17f90,de,german-bangla,"der Wunsch"
52f1ba34,de,german-bangla,"die Bibliothek"
53017962,de,german-bangla,"Ich möchte dich herzlich einladen."
530957b4,es,spanish-bangla,"No entiendo"
533e0a7d,de,german-bangla,"Die Arbeitswoche beträgt vierzig Stunden."
5385eadc,de,german-bangla,"modisch"
53a13dd3,es,spanish-bangla,"los lápices"
53adc3d1,de,german-bangla,"zu klein"
53bb1309,de,german-bangla,"Wir hatten viel Spaß."
53ff500c,de,german-bangla,"Männer"
5414b460,es,spanish-bangla,"Estoy listo."
5432b27a,de,german-bangla,"Ich brauche etwas gegen Kopfschmerzen."
543549c7,de,german-bangla,"gut"
553a8700,de,german-bangla,"die Vorstellung"
556dac82,de,german-bangla,"der Beitrag"
55821121,de,german-bangla,"das Hauptgericht"
55b09e59,es,spanish-bangla,"Carmen, ¿tienes hermanos? Sí, tengo una hermana. Se llama Lucía. ¿Y tú? Yo tengo dos hermanos y una hermana. ¿Y tus padres? ¿De dónde son? Mis padres son de Bangladés. Mi padre es médico y mi madre es profesora."
55b19906,de,german-bangla,"Ich möchte in bar bezahlen."
55da388e,de,german-bangla,"Freut mich"
55ecd476,es,spanish-bangla,"los libros"
56178baf,de,german-bangla,"die Dosierung"
56182672,de,german-bangla,"kaputt"
562eaccf,es,spanish-bangla,"médico, médica"
566a3eb2,es,spanish-bangla,"Estoy en casa"
568b90fa,de,german-bangla,"schön"
56f5e0b3,de,german-bangla,"gratulieren"
56ff8108,de,german-bangla,"Frisches Obst ist gesund."
573cc10b,de,german-bangla,"passen"
5750949a,de,german-bangla,"Ich esse immer Brötchen."
5765a72b,es,spanish-bangla,"el lápiz"
57884793,es,spanish-bangla,"ele"
578b1233,es,spanish-bangla,"tres"
57a425b5,de,german-bangla,"der Pullover"
57b87134,de,german-bangla,"Ich habe Fieber und Kopfschmerzen."
584e0849,de,german-bangla,"der Ausflug"
585fae43,es,spanish-bangla,"ye"
58675799,de,german-bangla,"die Hochzeit"
58b2aca9,de,german-bangla,"das Weihnachten"
58bfce00,de,german-bangla,"Es passt nicht. Kann ich es umtauschen?"
58debf9b,de,german-bangla,"das Kind"
5944f05f,de,german-bangla,"die Rente"
596f3f76,de,german-bangla,"Ich finde es sehr modisch."
59714378,de,german-bangla,"fotografieren"
5a3cfb99,de,german-bangla,"Es ist sonnig"
5a4396be,de,german-bangla,"Wir öffnen die Geschenke am Heiligabend."
5a63e17e,de,german-bangla,"sein"
5ade0acb,es,spanish-bangla,"¿Qué día es hoy? Hoy es martes. ¿Y mañana? Mañana es miércoles. Gracias. Hasta luego. Hasta luego."
5b329c64,es,spanish-bangla,"Unos libros, unas sillas, los cuadernos."
5b76b0e8,es,spanish-bangla,"la clase"
5b852d9e,de,german-bangla,"Haben Sie die Quittung?"
5bb472b1,de,german-bangla,"Ich bin pünktlich da."
5bd7a475,es,spanish-bangla,"Soy alto y delgado."
5befd129,de,german-bangla,"neu heute Mäuse"
5c00e2f2,de,german-english,"Haus"
5c1ccea2,de,german-english,"de"
5c1ccea2,es,spanish-bangla,"de"
5c299a95,es,spanish-bangla,"ce"
5c3d224d,de,german-english,"ku"
5c3d8ccc,de,german-bangla,"Es war ein toller Urlaub."
5c47afa9,de,german-english,"we"
5cb20d01,de,german-bangla,"Schule schön Schritt"
5cf3da34,es,spanish-bangla,"triste"
5d8dec90,de,german-bangla,"das Pflaster"
5d99e86c,de,german-bangla,"das Gespräch"
5db144a6,de,german-bangla,"Wir haben eine Besprechung um zehn Uhr."
5df69205,de,german-bangla,"die Besprechung"
5e1488d8,de,german-bangla,"die Aufgabe"
5e15f94a,de,german-bangla,"die Reservierung"
5e39928c,de,german-bangla,"der Chef"
5e93ab4c,de,german-bangla,"Wann könnten Sie anfangen?"
5ea46a1b,es,spanish-bangla,"Hoy estoy contento."
5ecbd47c,de,german-bangla,"krank"
5eccac03,es,spanish-bangla,"la profesora"
5f0cfeec,de,german-bangla,"die Eintrittskarte"
5f1b13ad,de,german-bangla,"Diese Jacke ist schöner als jene."
5f5b4ff2,de,german-bangla,"Mittwoch"
5f7c9111,es,spanish-bangla,"Carmen es alta."
5fb3719a,de,german-bangla,"die Apotheke"
603aea02,de,german-english,"ha"
603cb897,es,spanish-bangla,"Perro"
60400dad,de,german-bangla,"An Silvester gibt es Feuerwerk."
60425a01,de,german-bangla,"Sie würden gern"
60440479,de,german-bangla,"Ich spiele gern Fußball mit meinem Verein."
6058a537,de,german-bangla,"grün"
6063eaf0,de,german-bangla,"seit"
6072c974,es,spanish-english,"Hola, me llamo..."
607dd1c5,es,spanish-bangla,"Repita, por favor"
609c9ec1,es,spanish-bangla,"Sofía, ¿cómo te describes? Soy española, soy profesora. Soy alta y delgada. ¿Y cómo eres de personalidad? Soy simpática y trabajadora. Pero hoy estoy un poco cansada y nerviosa. ¿Por qué estás nerviosa? Porque mañana hay un examen importante. Ahora estoy en casa, estudiando."
6148fcba,de,german-bangla,"die Frauen"
6155240e,de,german-bangla,"das Auto"
61e1599b,de,german-bangla,"die K\xfcche"
61e6be1a,es,spanish-bangla,"No"
61f8073b,de,german-bangla,"Wo"
6216e949,es,spanish-bangla,"Colombia, colombiano, colombiana"
6256f550,de,german-bangla,"Ich gehe zum Bahnhof."
625fbe01,es,spanish-english,"yo"
62d264d5,de,german-bangla,"Sie fährt mit dem Fahrrad zur Arbeit."
62dc9b75,es,spanish-bangla,"el hermano, la hermana"
6321aa50,es,spanish-bangla,"Perdón"
63408ec0,de,german-bangla,"Mein Bauch tut weh."
63556509,de,german-bangla,"die Bauchschmerzen"
6386263b,de,german-bangla,"Heute ist Montag, der dritte M\xe4rz."
6499eb21,de,german-bangla,"Ich brauche dich."
64e11aa2,de,german-bangla,"Die Gewerkschaft schützt die Arbeitnehmer."
656d4352,de,german-bangla,"Ihre Wohnung ist sehr schön."
657428bf,es,spanish-bangla,"zeta"
66852b28,de,german-bangla,"500 Gramm Mehl"
66928138,de,german-bangla,"Guten Tag"
66d3257b,de,german-bangla,"die Umkleidekabine"
6722f4b6,es,spanish-bangla,"domingo"
6740c770,de,german-bangla,"die Handschuhe"
67435b3a,de,german-bangla,"der Kaffee"
6763f5f5,es,spanish-bangla,"seis"
6799a9e4,es,spanish-bangla,"ese"
67a99781,de,german-bangla,"das Mädchen"
682078c5,de,german-bangla,"Herzlichen Glückwunsch zur Hochzeit!"
6820c118,de,german-bangla,"Wir hätten gern zwei Stück Kuchen."
6826578e,es,spanish-bangla,"Diego, ¿cómo es tu profesor de español? Es simpático y muy inteligente. También es alto y delgado. ¿Y la profesora de matemáticas? Es seria pero trabajadora. Es baja. ¿Y tú? ¿Cómo eres? Soy divertido y un poco tímido."
6843ec59,es,spanish-bangla,"Mucho gusto"
685c4507,de,german-bangla,"der Sommer"
68a53c4c,de,german-bangla,"die Mode"
68f4b7ca,de,german-bangla,"die Hose"
690e1800,de,german-bangla,"Ich möchte das Hemd anprobieren."
6920f410,de,german-bangla,"die Tablette"
6931d25f,es,spanish-bangla,"el día"
69596906,de,german-bangla,"Eine WG ist günstiger."
698e7417,de,german-bangla,"eng"
69963684,de,german-bangla,"Mir ist schwindelig."
69dd68ac,de,german-bangla,"Ich möchte das zurückgeben."
6a1b3d74,de,german-bangla,"Ist hier noch frei?"
6a1f8d5f,es,spanish-bangla,"delgado, delgada"
6a378e6e,de,german-bangla,"Ich habe Fieber."
6ae022de,es,spanish-bangla,"el problema"
6aeb3af8,de,german-bangla,"der Herbst"
6b7624ef,de,german-bangla,"ich nicht Mädchen"
6b8e773d,es,spanish-bangla,"ene"
6bc6a8d1,de,german-bangla,"Bis bald!"
6be02e6f,es,spanish-bangla,"cinco"
6bed91f2,es,spanish-english,"zapato"
6c1dee80,de,german-bangla,"Ich musste den Koffer holen."
6c3e5e0a,de,german-bangla,"bunt"
6c689454,de,german-bangla,"Wo ist die Umkleidekabine?"
6c77fad5,de,german-bangla,"das Zimmer"
6d184e99,de,german-bangla,"Ich bin krank"
6d5af580,de,german-bangla,"der Rücken"
6e1f192d,de,german-bangla,"der Verkäufer"
6e438dce,de,german-bangla,"Ich habe gegessen."
6e5656cb,de,german-bangla,"braten"
6ed43e1c,de,german-bangla,"sich bewerben"
6f92c1d2,es,spanish-bangla,"Ahora estoy en la clase."
6fb084c5,de,german-bangla,"eins mein nein"
6fe0962b,de,german-english,"üpsilon"
701d30d5,de,german-bangla,"der Trainer"
70417610,es,spanish-bangla,"Me llamo Ana."
708a4b61,de,german-bangla,"die Tracht"
70cf6922,de,german-bangla,"der Ingenieur"
711971ef,es,spanish-bangla,"contento, contenta"
7149e919,de,german-bangla,"Der Urlaub war wunderschön."
714a1464,de,german-bangla,"Ich habe starke Schmerzen."
7165b0c8,de,german-bangla,"Der Zug fährt von Gleis fünf ab."
71d001eb,de,german-bangla,"Ich gehe zweimal pro Woche schwimmen."
71dcaeea,de,german-bangla,"die Parade"
72315fdc,de,german-bangla,"lesen"
727e7677,de,german-bangla,"Diese Jacke ist billiger als jene."
729cf6f4,de,german-bangla,"hinzufügen"
72a21df2,de,german-bangla,"der Glückwunsch"
72ca3fd1,de,german-bangla,"blau"
72d21570,de,german-bangla,"abbiegen"
732e93e7,es,spanish-bangla,"en la clase"
737afd98,de,german-bangla,"rot, blau, grün, gelb"
73826ad8,de,german-bangla,"Wie"
73e65643,de,german-bangla,"Was willst du machen?"
73f9873d,de,german-bangla,"Ich reise am liebsten."
743beaf7,de,german-bangla,"durstig"
745a47c2,de,german-bangla,"Ich kaufe Second-Hand, weil es billiger ist."
74765d34,de,german-bangla,"Er kauft das Brot."
74fea6f7,de,german-bangla,"gelb"
7515743c,de,german-bangla,"die Grippe"
751a0716,de,german-bangla,"Ich räume mein Zimmer auf."
7520521d,es,spanish-bangla,"Me llamo Rahim."
75d8641f,de,german-bangla,"Hast du Lust, heute Abend ins Kino zu gehen?"
7605cfec,es,spanish-bangla,"Hasta mañana"
760a372a,de,german-bangla,"Wir fahren am Wochenende Rad."
76268809,es,spanish-bangla,"Los estudiantes son jóvenes."
76955094,de,german-bangla,"Das ist am schönsten."
76dd5843,de,german-bangla,"der Biergarten"
7776402f,es,spanish-bangla,"diecisiete"
77cf4dfa,de,german-bangla,"Wir feiern meinen Geburtstag am Samstag."
77da541e,de,german-bangla,"Ich schwimme nicht gern."
781b0058,de,german-bangla,"billig"
7825acc3,de,german-bangla,"Welche"
782e121d,es,spanish-bangla,"ocupado, ocupada"
7853b941,de,german-bangla,"einschlafen"
78738a4c,de,german-bangla,"die Allergie"
7908fca0,de,german-bangla,"das Bett"
790fb80f,de,german-bangla,"das Lied"
791053c2,de,german-bangla,"der Schnupfen"
79131d04,de,german-bangla,"der Urlaubstag"
7915e515,de,german-bangla,"Das Rathaus ist neben dem Park."
794fa11a,de,german-bangla,"Du musst jetzt gehen."
796eec92,de,german-bangla,"Was"
7a0e3dc3,es,spanish-bangla,"México, mexicano, mexicana"
7a210055,de,german-bangla,"Ich esse gern Äpfel und Bananen."
7a2b25ee,de,german-bangla,"stark"
7b1200d1,de,german-bangla,"Wir entspannen am Wochenende."
7b530408,de,german-bangla,"Wie geht es dir?"
7b737722,de,german-bangla,"Ich habe Kopfschmerzen."
7b7975b5,es,spanish-bangla,"efe"
7b8abed6,es,spanish-bangla,"eme"
7ba3e4cf,de,german-bangla,"über"
7ba601b5,de,german-bangla,"Wir sind nach Berlin gefahren."
7ba9fe25,es,spanish-bangla,"Los estudiantes son inteligentes."
7ca7d6cb,es,spanish-bangla,"Mi amiga es simpática y divertida."
7d1bf819,de,german-bangla,"Ich arbeite als Ingenieur."
7d2e095f,de,german-bangla,"Ich bewerbe mich, weil ich die Firma mag."
7d8f6303,de,german-bangla,"Ich komme aus..."
7d9b99f9,es,spanish-bangla,"el tío, la tía"
7da78916,de,german-bangla,"Man darf hier nicht rauchen."
7e0ad104,de,german-bangla,"eins"
7e652f5b,de,german-bangla,"Montag · Dienstag · Mittwoch"
7ea556ef,de,german-bangla,"Ich möchte die Speisekarte, bitte."
7eb15c27,de,german-bangla,"Warum"
7eb6f6c7,de,german-bangla,"Haben Sie das in Rot?"
7ec3f87f,de,german-bangla,"Es hat einen Fehler."
7ef17eac,de,german-bangla,"mein"
7f06283c,de,german-bangla,"Unser Trainer ist sehr streng."
7f149095,de,german-bangla,"Ich mag kein Fleisch."
7f295192,de,german-bangla,"Doch, ich mag ihn!"
7f487561,de,german-bangla,"Ich habe kein Auto."
7f8e73d3,es,spanish-bangla,"la pizarra"
7fa7bb7f,de,german-bangla,"entspannen"
7fcf653f,de,german-bangla,"er würde gern"
7fe16176,de,german-bangla,"wir würden gern"
80666983,de,german-bangla,"Ich möchte ein Zimmer reservieren."
806ed2a3,de,german-bangla,"Sie wohnt seit zwei Monaten in Berlin."
80ab3644,de,german-bangla,"der Actionfilm"
80adf6d1,de,german-bangla,"Sie geht gern ins Theater."
80baa194,de,german-bangla,"Wie wäre es mit Samstag?"
80ee4c64,de,german-bangla,"die Ankunft"
811c9dc5,es,spanish-bangla,""
812e6d25,de,german-bangla,"Wir sind mit dem Zug gefahren."
81fa6638,de,german-bangla,"warm"
8209a4ae,de,german-bangla,"hässlich"
82317395,de,german-bangla,"untersuchen"
823db0d9,de,german-bangla,"Sie hat ein Buch."
82646d61,de,german-bangla,"Wer"
82a70d64,de,german-bangla,"die Socken"
82bbc805,de,german-bangla,"das Wohnzimmer"
82cf2248,de,german-bangla,"Mein Flug hat Verspätung."
830a7cdf,de,german-bangla,"braun"
8453a46f,es,spanish-bangla,"un cuaderno"
845b3d05,de,german-bangla,"zwanzig"
846792e1,de,german-bangla,"die Sprache"
8473d0d6,de,german-bangla,"der Tag der Deutschen Einheit"
84775603,de,german-bangla,"Ich fahre mit dem Bus."
84c05134,es,spanish-bangla,"Encantado."
850756ab,de,german-bangla,"das Rathaus"
8528be1c,es,spanish-bangla,"el libro"
853009ba,es,spanish-bangla,"Sí"
857456c7,de,german-bangla,"der Trend"
8598456e,es,spanish-bangla,"Los estudiantes están tristes."
85a329c7,de,german-bangla,"der Schlussverkauf"
86d4a3d5,de,german-bangla,"Wann kann ich einziehen?"
8739e16d,de,german-bangla,"Das klingt gut!"
878beb00,es,spanish-bangla,"fuerte"
87a6aba3,es,spanish-english,"joven"
87c8ce49,de,german-bangla,"der Kellner"
87ede582,de,german-bangla,"ihr"
88064f71,de,german-bangla,"Jede Region hat ihre eigenen Bräuche."
8809996e,de,german-bangla,"Man muss den Müll trennen."
88139762,de,german-bangla,"größer als"
88959b9b,de,german-bangla,"Ich komme aus Bangladesch."
890e765e,de,german-bangla,"Diese Farbe gefällt mir."
89235083,de,german-bangla,"die Gewerkschaft"
892870cc,de,german-bangla,"Hast du Lust, ins Kino zu gehen?"
893c8d8d,de,german-bangla,"Ich fahre mit dem Zug nach Berlin."
8967f55e,de,german-bangla,"zumachen"
8987534d,de,german-bangla,"der Termin"
89c934e4,de,german-bangla,"entdecken"
8a3dede9,de,german-bangla,"Ihre Hände sind kalt."
8a444cd0,de,german-bangla,"die Temperatur"
8a7ef05a,de,german-bangla,"zehn"
8a99b17e,de,german-bangla,"die Krankenkasse"
8ace36bb,es,spanish-bangla,"miércoles"
8ad295f4,es,spanish-bangla,"Buenas tardes"
8ae18ae1,es,spanish-bangla,"Él es profesor."
8b1dd7d1,de,german-bangla,"der Feiertag"
8b5efe46,de,german-bangla,"die Einladung"
8b71537a,de,german-bangla,"Ich muss jetzt arbeiten."
8b764d63,es,spanish-bangla,"las profesoras"
8b92e485,es,spanish-bangla,"Bien, gracias"
8ba63b0e,de,german-bangla,"Ich arbeite als Lehrerin."
8bc40d31,de,german-bangla,"fünfzehn"
8bf15705,es,spanish-bangla,"Soy bangladesí."
8c1e4cca,de,german-bangla,"das Haus"
8c304b69,de,german-bangla,"der Preis"
8c45a911,de,german-bangla,"schwarz"
8c9634ea,de,german-bangla,"Im Winter ist es kalt."
8cd08c2e,de,german-bangla,"verwirklichen"
8ce5c85e,de,german-bangla,"der Supermarkt"
8cf49d8b,de,german-bangla,"gesund"
8d03d4d4,de,german-bangla,"einmal pro Woche"
8d25ec77,de,german-english,"vau"
8d309647,de,german-bangla,"die Rezeption"
8d481700,de,german-bangla,"Kinder"
8d5a0231,es,spanish-bangla,"las ciudades"
8d8b99f7,de,german-bangla,"Das Bett steht neben dem Fenster."
8d8ff9b7,de,german-bangla,"z wie in Zeit"
8d946aff,de,german-bangla,"der Schal"
8e1295ab,de,german-bangla,"mit dem Bus fahren"
8e23b423,de,german-bangla,"Danach ziehe ich mich an."
8e36aaf6,de,german-bangla,"Wir brauchen Zucker und Salz."
8f24c17c,de,german-bangla,"die Kamera"
8f58225e,de,german-bangla,"Ich bin Lehrer."
8f634f6e,de,german-bangla,"Ich habe fünf Jahre Erfahrung."
8f94fa27,es,spanish-bangla,"simpático, simpática"
8ff55ba9,de,german-bangla,"zweimal pro Woche"
90231e2d,es,spanish-bangla,"Carmen está enferma."
90285408,de,german-bangla,"unser"
90cb7651,de,german-bangla,"die Arbeitszeit"
90fb6921,es,spanish-bangla,"el lápiz, los lápices"
9188b0c4,es,spanish-bangla,"once"
91908079,de,german-bangla,"genau richtig"
91a8f50c,de,german-bangla,"Unser Haus hat einen Garten."
91d7e8f5,es,spanish-bangla,"¡Hola, Pedro! ¿Qué tal? ¡Hola, Ana! Bien, gracias. ¿Y tú? Muy bien, gracias. Bueno, hasta luego. Hasta luego. ¡Hasta mañana!"
91e4b140,de,german-bangla,"das Krankenhaus"
9215914d,de,german-bangla,"Die Kinder spielen im Garten."
92711272,de,german-bangla,"der Stuhl"
92a01ee6,es,spanish-bangla,"catorce"
932d8f14,de,german-bangla,"das Spiel"
933793da,de,german-bangla,"Was wirst du in der Zukunft machen?"
933c72ca,de,german-bangla,"abfahren"
9367236e,de,german-bangla,"die Verabredung"
93a3bdfa,de,german-bangla,"die Hand"
93b3cb46,de,german-bangla,"die Mannschaft"
941def6d,es,spanish-bangla,"Buenas noches"
9468fa60,de,german-bangla,"Ich spiele jeden Montag Tennis."
94a165c0,de,german-bangla,"der Kuchen"
94baee84,de,german-bangla,"Berlin ist bekannt für Mode."
94bd0eb1,de,german-bangla,"der Feierabend"
94c642c7,de,german-bangla,"das Bein"
94ca2f9d,de,german-bangla,"seit einem Jahr"
94f5189d,es,spanish-bangla,"Soy bangladesí y soy estudiante."
94fc9d86,es,spanish-bangla,"La comida está buena."
951524c3,de,german-bangla,"auschecken"
952632df,de,german-bangla,"die Miete"
95b3e88f,de,german-bangla,"frei"
95c891b2,de,german-bangla,"Bücher"
96057591,es,spanish-bangla,"Somos de España."
966a8079,de,german-bangla,"Du solltest weniger Zucker essen."
966c87f9,de,german-bangla,"kleiner"
967469ef,de,german-bangla,"spielen"
969cbd3f,es,spanish-bangla,"No sé"
96c5674a,de,german-bangla,"die Limonade"
96e7e204,de,german-bangla,"das Fieber"
9723d37f,de,german-bangla,"Die Hose ist zu eng."
976273d3,es,spanish-bangla,"la mesa, las mesas"
9767c255,de,german-bangla,"der Fisch"
97d4164b,de,german-bangla,"Ich kaufe den Pullover."
983c884c,de,german-bangla,"Sie ist Ärztin."
987b8544,de,german-bangla,"euer"
9893d879,de,german-bangla,"Es ist windig"
9899a52e,de,german-bangla,"bezahlen"
98aa83dd,de,german-bangla,"Ich bin zwanzig Jahre alt."
98ab5657,de,german-bangla,"Es war wunderschön."
98dbac97,de,german-bangla,"April"
98e080f4,de,german-bangla,"das Mitglied"
98f4bc0a,de,german-english,"iks"
98fa7ded,de,german-bangla,"Ich arbeite vierzig Stunden pro Woche."
990a8da0,de,german-bangla,"die Praxis"
99163048,de,german-bangla,"Die Temperatur ist zwanzig Grad."
99665e06,de,german-bangla,"die Qualität"
999d5f4a,de,german-bangla,"frisch"
99e0622b,es,spanish-bangla,"Gracias"
99ed3f55,es,spanish-bangla,"Mucho gusto."
9a30d68d,es,spanish-bangla,"el cuaderno"
9ab5f320,es,spanish-bangla,"¿Cómo se llama usted?"
9abc0f7f,de,german-bangla,"Ich habe drei Jahre Erfahrung."
9ad870c7,es,spanish-bangla,"¿Cómo te llamas?"
9b368a6d,de,german-bangla,"Ich heiße... und ich komme aus..."
9b981d90,de,german-bangla,"umtauschen"
9bb5bb05,de,german-bangla,"der Vermieter"
9bccec28,de,german-bangla,"Haben Sie etwas gegen Husten?"
9bd13aa8,de,german-bangla,"Ich habe Hunger."
9bdebc26,de,german-bangla,"gewinnen"
9bdef561,es,spanish-bangla,"estudiante"
9c05c02c,de,german-english,"Eszett"
9c1f5552,de,german-bangla,"einundzwanzig"
9c3ba7c2,es,spanish-bangla,"¿Qué tal?"
9c57963c,es,spanish-bangla,"¿De dónde eres?"
9c9783b8,de,german-bangla,"Wir haben drei zu eins gewonnen."
9cbebb9e,es,spanish-bangla,"Me llamo Ana"
9cd73696,de,german-bangla,"einchecken"
9d0c242a,es,spanish-bangla,"Soy inteligente"
9d25ec61,de,german-bangla,"Die Geschäfte sind am Sonntag geschlossen."
9d2bbd63,de,german-bangla,"Tut mir leid, ich muss absagen."
9d3178d9,es,spanish-bangla,"No soy médico."
9d41aa8b,de,german-bangla,"Wir kaufen Lebensmittel ein."
9daad82f,de,german-bangla,"billiger"
9ddd451c,de,german-bangla,"Seit wann spielst du Fußball?"
9deb3f91,es,spanish-bangla,"amigo, amiga"
9e41c0b7,es,spanish-bangla,"aburrido, aburrida"
9e6475e1,de,german-bangla,"lernen"
9e843bbf,es,spanish-bangla,"serio, seria"
9f02b107,de,german-bangla,"Hallo"
9f11e5c4,de,german-bangla,"Alles Gute zum Geburtstag!"
9f253efd,es,spanish-english,"casa"
9f355c88,de,german-bangla,"ä wie in Mädchen"
9f5d52a2,de,german-bangla,"Student stehen Straße"
9fc74849,de,german-bangla,"Meine Beine schmerzen."
9fef63b1,es,spanish-bangla,"Año"
a04c0fda,de,german-bangla,"Wann fährt der nächste Zug?"
a050ca4a,de,german-bangla,"du würdest gern"
a087f467,de,german-bangla,"Viele junge Leute bleiben in Jugendherbergen."
a08c7918,de,german-bangla,"die Reklamation"
a1283b16,es,spanish-bangla,"Igualmente."
a12ce772,de,german-bangla,"die Nase"
a141d57e,de,german-bangla,"ein schöner Rock"
a14a138f,es,spanish-bangla,"Las profesoras son trabajadoras."
a1679ce4,de,german-bangla,"Es war ein unvergesslicher Abend."
a1809530,de,german-bangla,"Was machst du?"
a18e3a68,de,german-bangla,"ß wie in Straße"
a1a3a604,de,german-bangla,"die Sehenswürdigkeit"
a1ab074c,de,german-bangla,"Wir hatten einen tollen Geburtstag."
a1c41039,de,german-bangla,"der Balkon"
a2785572,de,german-bangla,"vegan"
a28074b4,de,german-bangla,"Ich habe Fieber"
a29dbdf9,de,german-bangla,"der Hustensaft"
a2a5b2d9,de,german-bangla,"der Reis"
a2bfac8e,es,spanish-bangla,"los lunes"
a32b8fb3,de,german-bangla,"Ich spiele seit drei Jahren Tennis."
a32e2529,de,german-bangla,"die Häuser"
a380d9af,de,german-bangla,"Wie fühlst du dich heute?"
a3de4d8f,de,german-bangla,"Oktober"
a3e6c90c,de,german-bangla,"der Apfel"
a40d2f92,de,german-bangla,"der Programmierer"
a429c126,de,german-bangla,"Ich habe Fieber und Husten."
a48297e6,de,german-bangla,"passt nicht"
a49e7c8e,de,german-bangla,"Ich habe heute viel gearbeitet."
a4d52acb,es,spanish-bangla,"uve doble"
a4ecde8e,es,spanish-bangla,"la ciudad, las ciudades"
a56b549d,de,german-bangla,"der Arzt"
a57be7e1,de,german-bangla,"Wie schreibt man das?"
a5a8ee4b,es,spanish-bangla,"Hoy estoy contenta y estoy en casa."
a5dc6062,de,german-bangla,"der Liter"
a601d644,de,german-bangla,"die Milch"
a64d2e46,es,spanish-bangla,"la hermana"
a6653c10,de,german-bangla,"mein Zimmer"
a676b905,de,german-bangla,"die Party"
a682f52f,de,german-bangla,"möbliert"
a6bc2cdc,de,german-bangla,"seit letztem Jahr"
a6e238b5,de,german-bangla,"Mein Kopf tut weh."
a6f291ac,de,german-bangla,"die Qualifikation"
a719c402,de,german-bangla,"der Stil"
a73f415e,es,spanish-bangla,"Rahim es trabajador."
a753578a,de,german-bangla,"Im Sommer ist es sehr hei\xdf."
a76ea8e7,es,spanish-bangla,"enfermo, enferma"
a77e48a6,es,spanish-bangla,"el profesor, los profesores"
a7940f84,de,german-bangla,"ein Kilo Kartoffeln"
a7967b65,de,german-bangla,"Donnerstag · Freitag"
a7d5d203,de,german-bangla,"Ich bin fünfundzwanzig Jahre alt."
a7ed4855,de,german-bangla,"Ich wohne in Berlin."
a8bad0c9,de,german-bangla,"Ich kann Deutsch sprechen."
a93de39c,de,german-bangla,"vorhaben"
a96362c5,de,german-bangla,"nächstes Jahr"
a97693eb,es,spanish-bangla,"el abuelo, la abuela"
a98844ed,de,german-bangla,"der Flur"
a9dd10c6,de,german-bangla,"das Brot"
a9ee122b,de,german-bangla,"Ich mache jetzt eine Pause."
aa00cce7,es,spanish-english,"mesa"
aa347248,de,german-bangla,"Viele Studenten leben in einer WG."
aa47f655,de,german-bangla,"die Nachricht"
aa5005b9,es,spanish-bangla,"el bebé"
aa7c63fc,de,german-bangla,"das Konzert"
aac02d81,de,german-bangla,"Lust haben"
ab55956a,de,german-bangla,"Beim Karneval gibt es viele Paraden."
ab853eda,de,german-bangla,"lieber"
abb5f5ff,de,german-bangla,"die Straßenbahn"
abe4e4b7,de,german-bangla,"der Tisch"
ac859d7d,es,spanish-bangla,"el examen, los exámenes"
aca02d19,es,spanish-bangla,"Buenos días"
acfef440,de,german-bangla,"Frauen"
ad0b5f1d,de,german-bangla,"die Zeitung"
ad3e2556,de,german-bangla,"geradeaus"
ad6d5821,es,spanish-bangla,"El profesor es bueno."
ad8b30aa,de,german-bangla,"die Stelle"
ad8b9ed4,de,german-bangla,"eine warme Jacke"
adceefb5,de,german-bangla,"die Zwiebel"
addbf0b1,de,german-bangla,"hungrig"
adec3010,es,spanish-bangla,"Muchas gracias"
ae0fa8d5,es,spanish-bangla,"La mesa es de madera"
ae1070f9,de,german-bangla,"die Bank"
ae1f2fdb,de,german-bangla,"Ich esse immer Brötchen zum Frühstück."
ae25939e,de,german-bangla,"Ich sehe keinen Mann."
ae8b77d9,es,spanish-bangla,"la ventana"
ae9aa0b6,de,german-bangla,"grau"
aeab1630,es,spanish-bangla,"Bangladés, bangladesí"
af36a7ae,es,spanish-bangla,"los Estados Unidos"
af5664c3,de,german-bangla,"Das Training ist dienstags."
af68012d,de,german-bangla,"schöner"
af8676ba,de,german-bangla,"sich anziehen"
afa321fc,de,german-bangla,"wie nie viel"
afccbd36,de,german-bangla,"Das Fest wird jedes Jahr gefeiert."
afd24e22,de,german-bangla,"Ich sollte mehr Wasser trinken."
aff43c6d,de,german-bangla,"dein"
b021de2a,de,german-bangla,"der Arm"
b0252e7e,de,german-bangla,"der Käse"
b02a72e0,de,german-bangla,"zu groß"
b0ac778e,de,german-bangla,"die Wanderung"
b0f0e4db,de,german-bangla,"Ich habe keine Zeit."
b0f83203,de,german-bangla,"machen"
b15b05e1,de,german-bangla,"Second-Hand"
b16ba8e4,de,german-bangla,"Ich würde gern im Ausland arbeiten."
b1a83b83,de,german-bangla,"Hast du geschlafen?"
b1b78db0,de,german-bangla,"das Eis"
b1c5d2be,es,spanish-bangla,"Vosotros estáis ocupados."
b1fad699,de,german-bangla,"satt"
b21637ae,de,german-bangla,"die Krankenversicherung"
b27d59ce,es,spanish-bangla,"el hermano"
b2c65197,es,spanish-english,"hola"
b2f03691,es,spanish-bangla,"pero"
b2f6e275,de,german-bangla,"der Brauch"
b3798ae0,de,german-bangla,"Ich komme nicht."
b39ebce1,es,spanish-english,"examen"
b3a56473,es,spanish-english,"Hola, me llamo Ana. A, ene, a. Hola!"
b3f0f737,de,german-bangla,"einladen"
b419eb0f,de,german-english,"tse"
b437b8fd,de,german-bangla,"Dann dusche ich mich."
b44c9b46,de,german-bangla,"die Musik"
b467da56,es,spanish-bangla,"en casa"
b470c778,de,german-bangla,"das Wasser"
b4a9a0c9,de,german-bangla,"die Erfahrung"
b5038273,de,german-english,"Buch"
b51cce0d,de,german-bangla,"seit der Kindheit"
b5403387,de,german-bangla,"die Ecke"
b55f466e,es,spanish-bangla,"Es listo."
b5b2fa52,es,spanish-bangla,"Encantado"
b5c2caab,de,german-bangla,"wärmer"
b643de35,de,german-bangla,"Das Kleid ist sehr schön."
b6851bf1,de,german-bangla,"die Komödie"
b69a26d4,de,german-bangla,"Ich gehe heute Abend ins Kino."
b6c90fbc,de,german-bangla,"das Schiff"
b6e71f0b,es,spanish-bangla,"¿Dónde está el libro?"
b6f1a396,de,german-bangla,"die Dose"
b7107f24,de,german-bangla,"die Band"
b7835f75,de,german-bangla,"Mein Kopf tut mir weh."
b7958c56,de,german-bangla,"obwohl"
b7b2fd78,es,spanish-bangla,"Encantada"
b7d60b0d,de,german-bangla,"in fünf Jahren"
b846888a,es,spanish-bangla,"unas sillas"
b85aa1de,de,german-bangla,"traditionell"
b8612a52,de,german-bangla,"verkleiden"
b8aa7845,de,german-bangla,"die Butter"
b9238a0e,de,german-bangla,"Wir trainieren zweimal pro Woche."
b93aa014,de,german-bangla,"oft"
b96281a2,de,german-bangla,"der Keks"
b97b15ea,de,german-bangla,"Bach auch Buch"
b992a7ff,de,german-bangla,"die Vorspeise"
b9a792e6,es,spanish-bangla,"Estoy cansado."
ba19e111,de,german-bangla,"Auf Wiedersehen!"
ba59a528,de,german-bangla,"Der Maibaum wird aufgestellt."
bacf49b3,de,german-bangla,"einkaufen"
badc501a,de,german-bangla,"Die meisten Deutschen haben dreißig Urlaubstage."
bb035bfc,de,german-bangla,"Ich erhole mich von der Erkältung."
bbf580d2,de,german-bangla,"schwindelig"
bc1f7c4e,de,german-bangla,"klein"
bc1fe771,de,german-bangla,"das Yoga"
bc533443,de,german-bangla,"Wo wohnst du, und was machst du?"
bc7b30e4,de,german-bangla,"die Quittung"
bc8ec6ea,de,german-bangla,"die Ampel"
bca122ca,de,german-bangla,"Der Teppich liegt auf dem Boden."
bcd1c1f3,de,german-bangla,"jeden Tag"
bd22b027,es,spanish-english,"nada"
bd83e9ee,es,spanish-english,"isla"
be085f75,de,german-bangla,"schwarz und weiß"
bead9c7a,de,german-bangla,"Für wie viele Nächte möchten Sie bleiben?"
bf3998a3,de,german-bangla,"Es donnert"
bf577e5c,de,german-bangla,"der Zucker"
bf5f278c,es,spanish-bangla,"los hermanos"
bf6b09d3,de,german-bangla,"der Vertrag"
bf735af0,es,spanish-bangla,"Carmen es española."
c04529c3,de,german-bangla,"verabreden"
c0c0723b,de,german-bangla,"Kann ich das anprobieren?"
c0d5297d,es,spanish-bangla,"el primo, la prima"
c11547dd,de,german-bangla,"Wir haben gewonnen!"
c14e09a9,de,german-bangla,"der Knödel"
c15de1b7,es,spanish-bangla,"¿Cómo estás?"
c1999338,es,spanish-bangla,"España, español, española"
c1b4be9b,de,german-bangla,"Leider muss ich absagen."
c1c32a9f,de,german-bangla,"das Foto"
c1f3bfa2,es,spanish-bangla,"sábado"
c20f40e0,es,spanish-english,"kilo"
c23f9413,de,german-bangla,"Wie heißt euer Hund?"
c2801e4e,es,spanish-bangla,"diecinueve"
c286420b,de,german-bangla,"der Husten"
c2d1235e,de,german-bangla,"die Packung"
c2eb5c09,de,german-bangla,"Wir erstatten Ihnen das Geld."
c333a547,de,german-bangla,"vierzig"
c36be6b8,es,spanish-bangla,"Yo soy Ana."
c3b07d99,de,german-bangla,"der Garten"
c42f7835,de,german-bangla,"Sport sprechen Sprache"
c431b709,es,spanish-english,"ojo"
c45c7b3b,de,german-bangla,"Wir haben eine Wohnung mit Balkon."
c46c3932,de,german-bangla,"herzlich"
c4b63f4f,es,spanish-bangla,"guapo, guapa"
c4e84b2a,de,german-bangla,"Füge ein bisschen Salz hinzu!"
c4ea731f,de,german-bangla,"Autos"
c5065250,de,german-bangla,"Gute Nacht"
c5a937ea,de,german-bangla,"Biegen Sie links ab."
c5b844f8,de,german-bangla,"zu spät"
c5cc0c2c,de,german-bangla,"der Schmerz"
c5db54a5,es,spanish-bangla,"jota"
c5db6c9d,es,spanish-bangla,"Jamón"
c5e61cd7,de,german-bangla,"das Salz"
c5f4cabe,de,german-bangla,"das Schloss"
c66a3993,es,spanish-bangla,"¡Hola! Buenos días. ¡Hola! ¿Cómo te llamas? Me llamo Sofía. ¿Y tú? Me llamo Diego. Mucho gusto. Encantada. ¿De dónde eres? Soy de Argentina. Soy argentino. ¿Y tú? Yo soy de España. Soy española. Soy profesora. ¡Qué bien! Yo soy estudiante. Bueno, hasta luego. Hasta luego, Diego."
c6767814,de,german-bangla,"die Warmmiete"
c6ac5eef,de,german-bangla,"das Abendessen"
c7033c80,es,spanish-bangla,"¿Puedo ir al baño?"
c7068644,de,german-bangla,"Ist das deine Familie?"
c7aaa77f,de,german-bangla,"Haben Sie das in Größe L und in Blau?"
c85b059d,de,german-bangla,"der Teppich"
c8c8fdcf,de,german-bangla,"die Rechnung"
c8ff247f,es,spanish-bangla,"Es listo. Está listo."
c94a9292,de,german-bangla,"die Vitamine"
c94e3405,de,german-bangla,"Die Rechnung, bitte."
c95b2c43,de,german-bangla,"die Karotte"
c962e7cc,de,german-bangla,"Wir wollen ein Picknick machen."
c96c1a40,de,german-bangla,"Das Haus ist groß."
c99fd512,de,german-bangla,"der Lehrer"
c9cdff4d,de,german-bangla,"Ich bin Mitglied im Tennisverein."
ca4e3598,de,german-bangla,"Die Rechnung, bitte!"
ca5e8463,de,german-bangla,"der Traum"
ca976fab,es,spanish-bangla,"viernes"
cb35b0fb,de,german-bangla,"der Bahnsteig"
cb460388,de,german-bangla,"der Mieter"
cb55f4ec,de,german-bangla,"Ich heiße..."
cb6574f5,de,german-bangla,"Ich sehe den Mann."
cb6795ae,de,german-bangla,"der Döner"
cbd41386,de,german-english,"jot"
cbf41208,de,german-bangla,"der Strand"
cc065d76,de,german-bangla,"Musik hören"
cc1e9222,de,german-bangla,"der Zug"
cc67ebcf,de,german-bangla,"Er sieht abends fern."
cc683a46,de,german-bangla,"Sie wird heiraten."
ccd76eab,de,german-bangla,"Ich wohne in..."
ccee7993,de,german-bangla,"gesetzlich"
cd3ed0ee,de,german-bangla,"Du sollst pünktlich kommen."
cd480b5a,de,german-bangla,"Ich trage einen roten Pullover."
cd93a30e,de,german-bangla,"wandern"
cd94d9ec,es,spanish-bangla,"las mesas"
cdb7e71b,de,german-bangla,"Dreimal täglich nach dem Essen."
ce469407,de,german-bangla,"der Fuß"
ce64a47f,de,german-bangla,"der Verein"
ce796ed4,de,german-bangla,"müde"
ce83840a,de,german-bangla,"das Herz"
cea87644,de,german-bangla,"weil"
ceb4cd04,de,german-bangla,"Guten Morgen"
cedcdfbe,de,german-bangla,"sich erkälten"
cefa09b0,es,spanish-bangla,"Soy alto."
cf08c4db,es,spanish-bangla,"la mano"
cf373f26,de,german-bangla,"Wir haben das Spiel gewonnen!"
cf453824,de,german-bangla,"Donnerstag"
cf5bb02a,de,german-bangla,"das Theater"
cf9b45ed,de,german-bangla,"Wer macht die Hausarbeit?"
cfc61709,de,german-bangla,"richtig zwanzig lustig"
cfe0fded,de,german-bangla,"Wie viel kostet das?"
cfe3d42b,es,spanish-bangla,"Soy un poco tímido."
d01f1b82,de,german-bangla,"Wie viel kostet der Beitrag?"
d024fb7b,de,german-bangla,"die Kartoffel"
d029a7ea,es,spanish-bangla,"Soy estudiante"
d0442b75,de,german-bangla,"Ich bin dreißig Jahre alt."
d0b24eec,de,german-bangla,"ungesund"
d0c75432,es,spanish-bangla,"Por favor"
d0ea0f32,de,german-bangla,"aufstehen"
d123f77a,de,german-bangla,"Ich bin Student und ich habe viele Bücher."
d140fb2d,de,german-bangla,"seit zwei Monaten"
d1933268,es,spanish-bangla,"Se llama Pedro."
d1d18595,de,german-bangla,"aufräumen"
d1e98243,es,spanish-bangla,"Pedro, ¿de dónde eres? Soy de Colombia. ¿Y tú? Yo soy de España. Soy española. ¡Qué bien! ¿Eres profesora? Sí, soy profesora."
d1f6b671,de,german-bangla,"Sie wird erfolgreich sein."
d266c7e1,de,german-bangla,"geschlossen"
d2759e7c,es,spanish-bangla,"Igualmente"
d29219b8,es,spanish-bangla,"Hoy es lunes."
d2b9c5b1,de,german-bangla,"wenn"
d30a1596,de,german-bangla,"Ich glaube, dass ich Erfolg haben werde."
d35caf92,de,german-bangla,"Der Himmel ist blau."
d3a002ec,de,german-bangla,"Die Schuhe sind bequem."
d3baaed4,de,german-bangla,"Man sollte viel Gemüse essen."
d4379198,es,spanish-bangla,"el padre, la madre"
d45cd614,de,german-bangla,"einmal im Monat"
d4905770,de,german-bangla,"die Anzeige"
d5873b7d,de,german-bangla,"Freut mich!"
d64a75ff,de,german-bangla,"Deutschland hat ein gutes Gesundheitssystem."
d68e0987,de,german-bangla,"das Gemüse"
d6a07b2c,de,german-bangla,"Was fehlt Ihnen?"
d6a882dc,de,german-bangla,"weit"
d6b86b56,de,german-bangla,"der Tag der Arbeit"
d70fd3ab,de,german-bangla,"das Bier"
d74a9ff7,de,german-bangla,"kochen"
d75107ce,es,spanish-bangla,"Adiós"
d7cf5ee8,de,german-bangla,"die Arbeit"
d8582ada,de,german-bangla,"Ist die Wohnung möbliert?"
d87463f2,de,german-bangla,"leicht"
d8c27fb7,de,german-bangla,"Wir haben das Museum besichtigt."
d8f8e85f,de,german-bangla,"Welcher Tag ist heute?"
d94afe0f,de,german-bangla,"Ich möchte bestellen."
d96a019b,es,spanish-bangla,"nervioso, nerviosa"
d96ff17b,de,german-bangla,"Wir haben Husten und Schnupfen."
d9810aa6,es,spanish-bangla,"¿Qué día es hoy?"
da32ab6b,de,german-bangla,"die Küche"
da501d49,de,german-bangla,"deine Mutter"
da5e7278,es,spanish-bangla,"el abuelo"
da68aa25,es,spanish-bangla,"dos"
daba49de,de,german-bangla,"Ich hätte gern eine eigene Firma."
db221e9a,de,german-bangla,"das Tennis"
db79a1ac,de,german-bangla,"der Geburtstag"
dbcf5f07,de,german-bangla,"Wo ist die Apotheke?"
dbf09d0b,de,german-bangla,"die Pause"
dc3d5db9,de,german-bangla,"Obwohl es regnet, machen wir Sport."
dc50e424,de,german-bangla,"das Brötchen"
dca282ae,de,german-bangla,"ein bisschen"
dd5fb535,de,german-bangla,"die Frau"
dd60dd83,de,german-bangla,"unser Haus"
dd91f2f1,es,spanish-bangla,"martes"
dd9a6131,de,german-bangla,"Wir verkleiden uns für Karneval."
dda1d36f,de,german-bangla,"Mir geht es gut."
ddb7b0c6,de,german-bangla,"Wir feiern Weihnachten mit der Familie."
ddc8b1cd,de,german-bangla,"Ich stehe um sieben Uhr auf."
ddd0a132,de,german-bangla,"die Bahncard"
de230086,de,german-bangla,"das Wandern"
de346043,de,german-bangla,"Check-in ist um vierzehn Uhr."
de78299f,es,spanish-bangla,"alto, alta"
de84d90a,es,spanish-bangla,"muy"
de90ec8b,de,german-bangla,"Ich trinke die Milch."
ded006a9,es,spanish-bangla,"Ana es mexicana."
ded4e228,de,german-bangla,"der Kassenbon"
deef479c,es,spanish-bangla,"el Reino Unido"
def5be87,de,german-bangla,"sich ausruhen"
df2ff42c,de,german-bangla,"Schloss Neuschwanstein ist sehr berühmt."
df9c5d56,de,german-bangla,"teuer"
dfd61a64,de,german-bangla,"das Radfahren"
e00c22e0,de,german-english,"e"
e00c22e0,es,spanish-bangla,"e"
e0100658,es,spanish-bangla,"lunes"
e0162674,de,german-bangla,"Wir fliegen mit dem Flugzeug."
e088aa3d,de,german-bangla,"die Fahrkarte"
e0f4d698,de,german-bangla,"das Kleid"
e0f61dfe,de,german-bangla,"die Mülltrennung"
e106d402,de,german-bangla,"die Kopfschmerzen"
e10848f8,de,german-bangla,"Guten Abend"
e11477bf,es,spanish-bangla,"Tú eres Pedro."
e1163640,de,german-bangla,"Deutsch tschüss Tschechien"
e15d8dee,es,spanish-bangla,"dieciocho"
e1784de7,de,german-bangla,"Ich möchte Mitglied werden."
e190216c,de,german-bangla,"der Flohmarkt"
e1934cd3,de,german-bangla,"Mein Vorstellungsgespräch ist morgen."
e223b11b,es,spanish-bangla,"¡Hola, Rahim! ¿Cómo estás? Estoy un poco cansado. Tengo un examen mañana. ¡Ah! ¿Y dónde está Carmen? Carmen está en casa. Está enferma hoy. ¡Qué lástima! ¿Y vosotros, los estudiantes? ¿Estáis nerviosos? Sí, estamos un poco nerviosos."
e22ef349,de,german-bangla,"arbeiten"
e2363da1,es,spanish-english,"sol"
e239ee62,de,german-bangla,"Was machst du in der Freizeit?"
e246cdc7,de,german-bangla,"das Hemd"
e26906a9,de,german-bangla,"w wie in Wasser"
e273162b,de,german-bangla,"das Stück"
e2f6fcef,de,german-bangla,"das Feuerwerk"
e3125006,de,german-bangla,"der Heiligabend"
e350bb8a,de,german-bangla,"Ich bin Ingenieur."
e38fb50a,de,german-bangla,"der Hausarzt"
e3f49928,de,german-bangla,"schenken"
e40be5e5,de,german-bangla,"immer"
e40c292c,de,german-english,"a"
e40c292c,es,spanish-bangla,"a"
e42b8a5f,de,german-bangla,"Ich werde nächstes Jahr studieren."
e44b8ac1,de,german-bangla,"das Andenken"
e45dc322,de,german-bangla,"Die Ausbildung dauert meistens drei Jahre."
e4c35d25,de,german-bangla,"Gitarre spielen"
e51f6045,de,german-bangla,"das Fitnessstudio"
e54e6313,de,german-bangla,"verschieben"
e59c4fbd,de,german-bangla,"die Tüte"
e5a213da,de,german-bangla,"Wir kaufen samstags ein."
e5cba4fa,de,german-bangla,"Deutschland hat viele Brotsorten."
e63d3a94,de,german-bangla,"Man sollte mehr Gemüse essen."
e6490429,es,spanish-bangla,"Soy bangladesí"
e6611639,de,german-bangla,"der Apotheker"
e6a50649,de,german-bangla,"viel"
e6bcfa02,de,german-bangla,"die Kreuzung"
e6cf07d2,de,german-bangla,"ein bequemes Hemd"
e6e494f8,de,german-bangla,"bequem"
e7341e60,de,german-bangla,"Ich habe zwei Augen und zwei Ohren."
e76d9761,de,german-bangla,"v wie in Vater"
e89f629c,es,spanish-bangla,"Está listo."
e8a7919d,de,german-bangla,"das Museum"
e8e2e369,de,german-bangla,"Ich spiele gern Fußball."
e922781a,de,german-bangla,"malen"
e97acd50,de,german-bangla,"Ich nehme es."
e9839106,de,german-bangla,"teurer"
e993b3a0,es,spanish-bangla,"Tengo una pregunta."
e9bbbcd4,de,german-bangla,"die Kaution"
e9ca9aee,de,german-bangla,"links"
e9cc4632,de,german-bangla,"der Snack"
e9f1ce9b,es,spanish-bangla,"el estudiante, los estudiantes"
ea0c329e,de,german-english,"o"
ea0c329e,es,spanish-bangla,"o"
ea32dcfa,de,german-bangla,"der Fehler"
ea3e8230,de,german-bangla,"der Polizist"
ea478762,de,german-bangla,"sich ausziehen"
ea778175,de,german-bangla,"der Schrebergarten"
ea787d22,de,german-bangla,"Ihr"
ea8b04fe,de,german-bangla,"besichtigen"
eaaca63a,de,german-bangla,"schneiden"
eab419a9,de,german-bangla,"Mein Vater ist Koch."
eb0a4cd9,de,german-bangla,"Du bist nett."
eb122b2c,de,german-bangla,"Er liebt die Frau."
eb1d7d0c,de,german-bangla,"der Neujahrstag"
eb265799,de,german-bangla,"Wir würden gern bezahlen."
eb72575d,de,german-bangla,"Wir trinken oft Kaffee am Morgen."
eba50864,de,german-bangla,"Ich bin gegangen."
ebed2c3d,es,spanish-bangla,"Rahim, ¿cuántos libros tienes? Tengo tres libros. ¿Y tú? Yo tengo dos libros y unos cuadernos también. ¿Y los profesores? ¿Son simpáticos? Sí, los profesores son muy simpáticos."
ebef5432,de,german-bangla,"Sie trinkt nie Alkohol."
ec022c4d,de,german-bangla,"das Doppelzimmer"
ec0c35c4,de,german-english,"i"
ec0c35c4,es,spanish-bangla,"i"
ec9e9e18,de,german-bangla,"fettig"
ecca85bd,de,german-bangla,"die Tradition"
ed02f05c,de,german-bangla,"das Sauerkraut"
ed1f0a01,es,spanish-bangla,"cansado, cansada"
ed955133,de,german-bangla,"der Student"
ee07d74c,de,german-bangla,"Die Ausbildung dauert drei Jahre."
ee680387,de,german-bangla,"zweimal im Jahr"
eeacde19,de,german-bangla,"der Koch"
eeccf020,de,german-bangla,"Die Kaltmiete plus Nebenkosten ist die Warmmiete."
eee823be,de,german-bangla,"Das Sofa steht vor dem Fenster."
ef03f2e6,de,german-bangla,"Tut dir der Bauch weh?"
ef0a7252,de,german-bangla,"weiß"
ef17f22f,de,german-bangla,"Koche das Wasser!"
ef497177,de,german-bangla,"jeden Montag"
ef7411f0,es,spanish-bangla,"¿Quién?"
ef8a5405,de,german-bangla,"der Gepäck"
f00c3c10,de,german-english,"u"
f00c3c10,es,spanish-bangla,"u"
f03c2909,de,german-bangla,"der Winter"
f043819e,es,spanish-bangla,"Más o menos"
f04f3db3,de,german-bangla,"die Jacke"
f0e620c8,es,spanish-bangla,"el bolígrafo"
f1076ca4,es,spanish-bangla,"Soy inteligente y muy trabajador."
f21f064c,de,german-bangla,"der Bahnhof"
f362366d,de,german-bangla,"der Frühling"
f3b2537f,de,german-bangla,"zur Schule gehen"
f3bd2ad3,es,spanish-bangla,"Sofía es simpática y divertida."
f3c39683,es,spanish-bangla,"hoy"
f3fe4798,de,german-bangla,"gefällt mir nicht"
f4e76553,de,german-bangla,"das Geschenk"
f4f208d3,de,german-bangla,"Was bist du von Beruf?"
f55856ed,de,german-bangla,"Sie haben verloren."
f56e0d4e,de,german-bangla,"einnehmen"
f588342e,de,german-bangla,"Die deutschen Feiertage sind interessant."
f5c36b18,de,german-bangla,"Meine Wohnung hat ein Wohnzimmer."
f5c50a20,de,german-bangla,"Ich esse selten Fleisch."
f679cda4,de,german-bangla,"dass"
f681f77b,de,german-bangla,"erstatten"
f68916c6,de,german-bangla,"Wo wohnst du?"
f6d7cbb8,de,german-bangla,"der Kopf"
f72355d5,de,german-bangla,"Ich schenke meiner Mutter ein Buch."
f7272d95,es,spanish-bangla,"Buenos días."
f757c458,de,german-bangla,"die Kalorien"
f75cfc0d,de,german-bangla,"das Rezept"
f772e2e2,es,spanish-bangla,"el profesor"
f7a6598a,de,german-bangla,"Was kostet die Hose?"
f7bd688a,de,german-bangla,"Gehen Sie geradeaus, dann links."
f7c271e5,de,german-bangla,"Obwohl es schwer war, habe ich nicht aufgegeben."
f7ca00c2,de,german-bangla,"Ich hätte gern einen Kaffee."
f7ed4390,de,german-bangla,"mein Vater"
f8106f10,de,german-bangla,"einsteigen"
f881e34e,de,german-bangla,"die Sonne scheint"
f8835433,de,german-english,"Tag"
f885a5f1,de,german-bangla,"das Taxi"
f8a98938,de,german-bangla,"größer"
f9093446,es,spanish-bangla,"nueve"
f90f4fdc,de,german-bangla,"Es regnet."
f962493e,de,german-bangla,"jedes Wochenende"
fa2fad5a,de,german-bangla,"sich duschen"
fa7a389f,de,german-bangla,"süß"
fb48fe82,de,german-bangla,"die Kinder"
fb69b376,es,spanish-bangla,"los padres"
fc0c4ef4,es,spanish-bangla,"y"
fc421bf5,de,german-bangla,"Im Sommer sitzt man gern im Biergarten."
fc84272d,de,german-bangla,"Im Sommer sitzt man im Biergarten."
fcd13afc,de,german-bangla,"Sie hat keine Lust zu arbeiten."
fd1da3f6,de,german-bangla,"das Vorstellungsgespräch"
fd5c5447,es,spanish-english,"cosa"
fd8274cb,de,german-bangla,"gegenüber"
fda70321,es,spanish-bangla,"La mesa es de madera."
fdc52c3c,de,german-bangla,"Wie komme ich zum Bahnhof?"
fe0b17c4,de,german-bangla,"das Land"
fe2cc782,es,spanish-bangla,"Pedro es argentino."
fe363e91,de,german-bangla,"die Schuhe"
fe4e738e,de,german-bangla,"das Flugzeug"
fe50c719,de,german-bangla,"das Fleisch"
ff00c256,de,german-bangla,"Was kostet das Brot?"
ff44a0a3,de,german-bangla,"der Plan"
ffc8801b,de,german-bangla,"Mir geht es gut"
ffcdb2a1,de,german-english,"tset"
fff7e7ef,de,german-bangla,"putzen"
